REPORTING_PERIOD,MEASURE_TYPE,MEASURE,MEASURE_VALUE
2526,Activity by Ethnicity,All Attendances - African (Black or Black British),2454076
2526,Activity by Ethnicity,All Attendances - All Ethnic Groups,116891346
2526,Activity by Ethnicity,All Attendances - Any other Asian background,2177069
2526,Activity by Ethnicity,All Attendances - Any other Black background,975009
2526,Activity by Ethnicity,All Attendances - Any other ethnic group,3034202
2526,Activity by Ethnicity,All Attendances - Any other Mixed background,894993
2526,Activity by Ethnicity,All Attendances - Any other White background,5773620
2526,Activity by Ethnicity,All Attendances - Bangladeshi (Asian or Asian British),952708
2526,Activity by Ethnicity,All Attendances - British (White),69377560
2526,Activity by Ethnicity,All Attendances - Caribbean (Black or Black British),1290497
2526,Activity by Ethnicity,All Attendances - Chinese (other ethnic group),455856
2526,Activity by Ethnicity,All Attendances - Indian (Asian or Asian British),3008108
2526,Activity by Ethnicity,All Attendances - Irish (White),721413
2526,Activity by Ethnicity,All Attendances - Not Known,9460928
2526,Activity by Ethnicity,All Attendances - Not stated,12611422
2526,Activity by Ethnicity,All Attendances - Pakistani (Asian or Asian British),2590536
2526,Activity by Ethnicity,All Attendances - White and Asian (Mixed),376953
2526,Activity by Ethnicity,All Attendances - White and Black African (Mixed),266771
2526,Activity by Ethnicity,All Attendances - White and Black Caribbean (Mixed),469625
2526,Activity by Ethnicity,Attended appointment - African (Black or Black British),654592
2526,Activity by Ethnicity,Attended appointment - All Ethnic Groups,33275494
2526,Activity by Ethnicity,Attended appointment - Any other Asian background,622624
2526,Activity by Ethnicity,Attended appointment - Any other Black background,268634
2526,Activity by Ethnicity,Attended appointment - Any other ethnic group,886116
2526,Activity by Ethnicity,Attended appointment - Any other Mixed background,266848
2526,Activity by Ethnicity,Attended appointment - Any other White background,1716616
2526,Activity by Ethnicity,Attended appointment - Bangladeshi (Asian or Asian British),284848
2526,Activity by Ethnicity,Attended appointment - British (White),18946497
2526,Activity by Ethnicity,Attended appointment - Caribbean (Black or Black British),331613
2526,Activity by Ethnicity,Attended appointment - Chinese (other ethnic group),123405
2526,Activity by Ethnicity,Attended appointment - Indian (Asian or Asian British),840272
2526,Activity by Ethnicity,Attended appointment - Irish (White),183884
2526,Activity by Ethnicity,Attended appointment - Not Known,3159967
2526,Activity by Ethnicity,Attended appointment - Not stated,3980106
2526,Activity by Ethnicity,Attended appointment - Pakistani (Asian or Asian British),698788
2526,Activity by Ethnicity,Attended appointment - White and Asian (Mixed),106948
2526,Activity by Ethnicity,Attended appointment - White and Black African (Mixed),75208
2526,Activity by Ethnicity,Attended appointment - White and Black Caribbean (Mixed),128528
2526,Activity by Ethnicity,Attended but first/subsequent/tele unknown - African (Black or Black British),202
2526,Activity by Ethnicity,Attended but first/subsequent/tele unknown - All Ethnic Groups,21997
2526,Activity by Ethnicity,Attended but first/subsequent/tele unknown - Any other Asian background,180
2526,Activity by Ethnicity,Attended but first/subsequent/tele unknown - Any other Black background,82
2526,Activity by Ethnicity,Attended but first/subsequent/tele unknown - Any other ethnic group,242
2526,Activity by Ethnicity,Attended but first/subsequent/tele unknown - Any other Mixed background,316
2526,Activity by Ethnicity,Attended but first/subsequent/tele unknown - Any other White background,389
2526,Activity by Ethnicity,Attended but first/subsequent/tele unknown - Bangladeshi (Asian or Asian British),56
2526,Activity by Ethnicity,Attended but first/subsequent/tele unknown - British (White),9068
2526,Activity by Ethnicity,Attended but first/subsequent/tele unknown - Caribbean (Black or Black British),103
2526,Activity by Ethnicity,Attended but first/subsequent/tele unknown - Chinese (other ethnic group),25
2526,Activity by Ethnicity,Attended but first/subsequent/tele unknown - Indian (Asian or Asian British),410
2526,Activity by Ethnicity,Attended but first/subsequent/tele unknown - Irish (White),72
2526,Activity by Ethnicity,Attended but first/subsequent/tele unknown - Not Known,9118
2526,Activity by Ethnicity,Attended but first/subsequent/tele unknown - Not stated,1239
2526,Activity by Ethnicity,Attended but first/subsequent/tele unknown - Pakistani (Asian or Asian British),309
2526,Activity by Ethnicity,Attended but first/subsequent/tele unknown - White and Asian (Mixed),52
2526,Activity by Ethnicity,Attended but first/subsequent/tele unknown - White and Black African (Mixed),36
2526,Activity by Ethnicity,Attended but first/subsequent/tele unknown - White and Black Caribbean (Mixed),98
2526,Activity by Ethnicity,Attended subsequent appointment - African (Black or Black British),1440106
2526,Activity by Ethnicity,Attended subsequent appointment - All Ethnic Groups,63096553
2526,Activity by Ethnicity,Attended subsequent appointment - Any other Asian background,1235835
2526,Activity by Ethnicity,Attended subsequent appointment - Any other Black background,538371
2526,Activity by Ethnicity,Attended subsequent appointment - Any other ethnic group,1673288
2526,Activity by Ethnicity,Attended subsequent appointment - Any other Mixed background,489500
2526,Activity by Ethnicity,Attended subsequent appointment - Any other White background,3126968
2526,Activity by Ethnicity,Attended subsequent appointment - Bangladeshi (Asian or Asian British),547773
2526,Activity by Ethnicity,Attended subsequent appointment - British (White),37575548
2526,Activity by Ethnicity,Attended subsequent appointment - Caribbean (Black or Black British),735575
2526,Activity by Ethnicity,Attended subsequent appointment - Chinese (other ethnic group),265874
2526,Activity by Ethnicity,Attended subsequent appointment - Indian (Asian or Asian British),1729730
2526,Activity by Ethnicity,Attended subsequent appointment - Irish (White),401519
2526,Activity by Ethnicity,Attended subsequent appointment - Not Known,4757441
2526,Activity by Ethnicity,Attended subsequent appointment - Not stated,6449667
2526,Activity by Ethnicity,Attended subsequent appointment - Pakistani (Asian or Asian British),1508462
2526,Activity by Ethnicity,Attended subsequent appointment - White and Asian (Mixed),210216
2526,Activity by Ethnicity,Attended subsequent appointment - White and Black African (Mixed),148949
2526,Activity by Ethnicity,Attended subsequent appointment - White and Black Caribbean (Mixed),261731
2526,Activity by Ethnicity,Attended subsequent tele consultation - African (Black or Black British),267214
2526,Activity by Ethnicity,Attended subsequent tele consultation - All Ethnic Groups,15130911
2526,Activity by Ethnicity,Attended subsequent tele consultation - Any other Asian background,223288
2526,Activity by Ethnicity,Attended subsequent tele consultation - Any other Black background,122551
2526,Activity by Ethnicity,Attended subsequent tele consultation - Any other ethnic group,333002
2526,Activity by Ethnicity,Attended subsequent tele consultation - Any other Mixed background,99514
2526,Activity by Ethnicity,Attended subsequent tele consultation - Any other White background,668456
2526,Activity by Ethnicity,Attended subsequent tele consultation - Bangladeshi (Asian or Asian British),85613
2526,Activity by Ethnicity,Attended subsequent tele consultation - British (White),9663145
2526,Activity by Ethnicity,Attended subsequent tele consultation - Caribbean (Black or Black British),168413
2526,Activity by Ethnicity,Attended subsequent tele consultation - Chinese (other ethnic group),49054
2526,Activity by Ethnicity,Attended subsequent tele consultation - Indian (Asian or Asian British),312065
2526,Activity by Ethnicity,Attended subsequent tele consultation - Irish (White),101708
2526,Activity by Ethnicity,Attended subsequent tele consultation - Not Known,1045751
2526,Activity by Ethnicity,Attended subsequent tele consultation - Not stated,1593838
2526,Activity by Ethnicity,Attended subsequent tele consultation - Pakistani (Asian or Asian British),264228
2526,Activity by Ethnicity,Attended subsequent tele consultation - White and Asian (Mixed),43615
2526,Activity by Ethnicity,Attended subsequent tele consultation - White and Black African (Mixed),31346
2526,Activity by Ethnicity,Attended subsequent tele consultation - White and Black Caribbean (Mixed),58110
2526,Activity by Ethnicity,Attended tele consultation - African (Black or Black British),91962
2526,Activity by Ethnicity,Attended tele consultation - All Ethnic Groups,5366391
2526,Activity by Ethnicity,Attended tele consultation - Any other Asian background,95142
2526,Activity by Ethnicity,Attended tele consultation - Any other Black background,45371
2526,Activity by Ethnicity,Attended tele consultation - Any other ethnic group,141554
2526,Activity by Ethnicity,Attended tele consultation - Any other Mixed background,38815
2526,Activity by Ethnicity,Attended tele consultation - Any other White background,261191
2526,Activity by Ethnicity,Attended tele consultation - Bangladeshi (Asian or Asian British),34418
2526,Activity by Ethnicity,Attended tele consultation - British (White),3183302
2526,Activity by Ethnicity,Attended tele consultation - Caribbean (Black or Black British),54793
2526,Activity by Ethnicity,Attended tele consultation - Chinese (other ethnic group),17498
2526,Activity by Ethnicity,Attended tele consultation - Indian (Asian or Asian British),125631
2526,Activity by Ethnicity,Attended tele consultation - Irish (White),34230
2526,Activity by Ethnicity,Attended tele consultation - Not Known,488651
2526,Activity by Ethnicity,Attended tele consultation - Not stated,586572
2526,Activity by Ethnicity,Attended tele consultation - Pakistani (Asian or Asian British),118749
2526,Activity by Ethnicity,Attended tele consultation - White and Asian (Mixed),16122
2526,Activity by Ethnicity,Attended tele consultation - White and Black African (Mixed),11232
2526,Activity by Ethnicity,Attended tele consultation - White and Black Caribbean (Mixed),21158
2526,Activity by Ethnicity,Percentage of all attendances - African (Black or Black British),2.1
2526,Activity by Ethnicity,Percentage of all attendances - All Ethnic Groups,100
2526,Activity by Ethnicity,Percentage of all attendances - Any other Asian background,1.9
2526,Activity by Ethnicity,Percentage of all attendances - Any other Black background,0.8
2526,Activity by Ethnicity,Percentage of all attendances - Any other ethnic group,2.6
2526,Activity by Ethnicity,Percentage of all attendances - Any other Mixed background,0.8
2526,Activity by Ethnicity,Percentage of all attendances - Any other White background,4.9
2526,Activity by Ethnicity,Percentage of all attendances - Bangladeshi (Asian or Asian British),0.8
2526,Activity by Ethnicity,Percentage of all attendances - British (White),59.4
2526,Activity by Ethnicity,Percentage of all attendances - Caribbean (Black or Black British),1.1
2526,Activity by Ethnicity,Percentage of all attendances - Chinese (other ethnic group),0.4
2526,Activity by Ethnicity,Percentage of all attendances - Indian (Asian or Asian British),2.6
2526,Activity by Ethnicity,Percentage of all attendances - Irish (White),0.6
2526,Activity by Ethnicity,Percentage of all attendances - Not Known,8.1
2526,Activity by Ethnicity,Percentage of all attendances - Not stated,10.8
2526,Activity by Ethnicity,Percentage of all attendances - Pakistani (Asian or Asian British),2.2
2526,Activity by Ethnicity,Percentage of all attendances - White and Asian (Mixed),0.3
2526,Activity by Ethnicity,Percentage of all attendances - White and Black African (Mixed),0.2
2526,Activity by Ethnicity,Percentage of all attendances - White and Black Caribbean (Mixed),0.4
2526,Activity by IMD Decile,All attendances - LESS DEPRIVED 10%,11125255
2526,Activity by IMD Decile,All attendances - LESS DEPRIVED 10-20%,11332623
2526,Activity by IMD Decile,All attendances - LESS DEPRIVED 20-30%,11452212
2526,Activity by IMD Decile,All attendances - LESS DEPRIVED 30-40%,11522821
2526,Activity by IMD Decile,All attendances - LESS DEPRIVED 40-50%,11705490
2526,Activity by IMD Decile,All attendances - MORE DEPRIVED 10-20%,11551127
2526,Activity by IMD Decile,All attendances - MORE DEPRIVED 20-30%,11687068
2526,Activity by IMD Decile,All attendances - MORE DEPRIVED 30-40%,11651298
2526,Activity by IMD Decile,All attendances - MORE DEPRIVED 40-50%,11567941
2526,Activity by IMD Decile,All attendances - MOST DEPRIVED 10%,11232561
2526,Activity by IMD Decile,All attendances - Unknown/Non-UK Country,2062950
2526,Activity by IMD Decile,Attended but first/subsequent/tele unknown - LESS DEPRIVED 10%,1598
2526,Activity by IMD Decile,Attended but first/subsequent/tele unknown - LESS DEPRIVED 10-20%,1877
2526,Activity by IMD Decile,Attended but first/subsequent/tele unknown - LESS DEPRIVED 20-30%,1945
2526,Activity by IMD Decile,Attended but first/subsequent/tele unknown - LESS DEPRIVED 30-40%,2100
2526,Activity by IMD Decile,Attended but first/subsequent/tele unknown - LESS DEPRIVED 40-50%,2374
2526,Activity by IMD Decile,Attended but first/subsequent/tele unknown - MORE DEPRIVED 10-20%,1945
2526,Activity by IMD Decile,Attended but first/subsequent/tele unknown - MORE DEPRIVED 20-30%,1979
2526,Activity by IMD Decile,Attended but first/subsequent/tele unknown - MORE DEPRIVED 30-40%,2230
2526,Activity by IMD Decile,Attended but first/subsequent/tele unknown - MORE DEPRIVED 40-50%,2411
2526,Activity by IMD Decile,Attended but first/subsequent/tele unknown - MOST DEPRIVED 10%,2777
2526,Activity by IMD Decile,Attended but first/subsequent/tele unknown - Unknown/Non-UK Country,761
2526,Activity by IMD Decile,Attended first appointment - LESS DEPRIVED 10%,3148275
2526,Activity by IMD Decile,Attended first appointment - LESS DEPRIVED 10-20%,3258654
2526,Activity by IMD Decile,Attended first appointment - LESS DEPRIVED 20-30%,3266985
2526,Activity by IMD Decile,Attended first appointment - LESS DEPRIVED 30-40%,3281561
2526,Activity by IMD Decile,Attended first appointment - LESS DEPRIVED 40-50%,3372520
2526,Activity by IMD Decile,Attended first appointment - MORE DEPRIVED 10-20%,3340332
2526,Activity by IMD Decile,Attended first appointment - MORE DEPRIVED 20-30%,3332239
2526,Activity by IMD Decile,Attended first appointment - MORE DEPRIVED 30-40%,3333531
2526,Activity by IMD Decile,Attended first appointment - MORE DEPRIVED 40-50%,3306352
2526,Activity by IMD Decile,Attended first appointment - MOST DEPRIVED 10%,3117733
2526,Activity by IMD Decile,Attended first appointment - Unknown/Non-UK Country,517312
2526,Activity by IMD Decile,Attended first tele consultation - LESS DEPRIVED 10%,517360
2526,Activity by IMD Decile,Attended first tele consultation - LESS DEPRIVED 10-20%,513165
2526,Activity by IMD Decile,Attended first tele consultation - LESS DEPRIVED 20-30%,522927
2526,Activity by IMD Decile,Attended first tele consultation - LESS DEPRIVED 30-40%,527537
2526,Activity by IMD Decile,Attended first tele consultation - LESS DEPRIVED 40-50%,534166
2526,Activity by IMD Decile,Attended first tele consultation - MORE DEPRIVED 10-20%,512965
2526,Activity by IMD Decile,Attended first tele consultation - MORE DEPRIVED 20-30%,519931
2526,Activity by IMD Decile,Attended first tele consultation - MORE DEPRIVED 30-40%,520676
2526,Activity by IMD Decile,Attended first tele consultation - MORE DEPRIVED 40-50%,522655
2526,Activity by IMD Decile,Attended first tele consultation - MOST DEPRIVED 10%,527960
2526,Activity by IMD Decile,Attended first tele consultation - Unknown/Non-UK Country,147049
2526,Activity by IMD Decile,Attended subsequent appointment - LESS DEPRIVED 10%,5995392
2526,Activity by IMD Decile,Attended subsequent appointment - LESS DEPRIVED 10-20%,6046909
2526,Activity by IMD Decile,Attended subsequent appointment - LESS DEPRIVED 20-30%,6130317
2526,Activity by IMD Decile,Attended subsequent appointment - LESS DEPRIVED 30-40%,6177383
2526,Activity by IMD Decile,Attended subsequent appointment - LESS DEPRIVED 40-50%,6251203
2526,Activity by IMD Decile,Attended subsequent appointment - MORE DEPRIVED 10-20%,6304560
2526,Activity by IMD Decile,Attended subsequent appointment - MORE DEPRIVED 20-30%,6380192
2526,Activity by IMD Decile,Attended subsequent appointment - MORE DEPRIVED 30-40%,6296016
2526,Activity by IMD Decile,Attended subsequent appointment - MORE DEPRIVED 40-50%,6224660
2526,Activity by IMD Decile,Attended subsequent appointment - MOST DEPRIVED 10%,6256940
2526,Activity by IMD Decile,Attended subsequent appointment - Unknown/Non-UK Country,1032981
2526,Activity by IMD Decile,Attended subsequent tele consultation - LESS DEPRIVED 10%,1462630
2526,Activity by IMD Decile,Attended subsequent tele consultation - LESS DEPRIVED 10-20%,1512018
2526,Activity by IMD Decile,Attended subsequent tele consultation - LESS DEPRIVED 20-30%,1530038
2526,Activity by IMD Decile,Attended subsequent tele consultation - LESS DEPRIVED 30-40%,1534240
2526,Activity by IMD Decile,Attended subsequent tele consultation - LESS DEPRIVED 40-50%,1545227
2526,Activity by IMD Decile,Attended subsequent tele consultation - MORE DEPRIVED 10-20%,1391325
2526,Activity by IMD Decile,Attended subsequent tele consultation - MORE DEPRIVED 20-30%,1452727
2526,Activity by IMD Decile,Attended subsequent tele consultation - MORE DEPRIVED 30-40%,1498845
2526,Activity by IMD Decile,Attended subsequent tele consultation - MORE DEPRIVED 40-50%,1511863
2526,Activity by IMD Decile,Attended subsequent tele consultation - MOST DEPRIVED 10%,1327151
2526,Activity by IMD Decile,Attended subsequent tele consultation - Unknown/Non-UK Country,364847
2526,Activity by IMD Decile,Percentage of all attendances - LESS DEPRIVED 10%,9.5
2526,Activity by IMD Decile,Percentage of all attendances - LESS DEPRIVED 10-20%,9.7
2526,Activity by IMD Decile,Percentage of all attendances - LESS DEPRIVED 20-30%,9.8
2526,Activity by IMD Decile,Percentage of all attendances - LESS DEPRIVED 30-40%,9.9
2526,Activity by IMD Decile,Percentage of all attendances - LESS DEPRIVED 40-50%,10
2526,Activity by IMD Decile,Percentage of all attendances - MORE DEPRIVED 10-20%,9.9
2526,Activity by IMD Decile,Percentage of all attendances - MORE DEPRIVED 20-30%,10
2526,Activity by IMD Decile,Percentage of all attendances - MORE DEPRIVED 30-40%,10
2526,Activity by IMD Decile,Percentage of all attendances - MORE DEPRIVED 40-50%,9.9
2526,Activity by IMD Decile,Percentage of all attendances - MOST DEPRIVED 10%,9.6
2526,Activity by IMD Decile,Percentage of all attendances - Unknown/Non-UK Country,1.8
